<?xml version="1.0" encoding="utf-8"?>
<edmx:Edmx Version="1.0" xmlns:edmx="http://schemas.microsoft.com/ado/2007/06/edmx" xmlns:m="http://schemas.microsoft.com/ado/2007/08/dataservices/metadata" xmlns:sap="http://www.sap.com/Protocols/SAPData">
    <edmx:DataServices m:DataServiceVersion="2.0">
        <Schema Namespace="ZEA_QRBATCH_SRV" xml:lang="en" sap:schema-version="1" xmlns="http://schemas.microsoft.com/ado/2008/09/edm">
            <EntityType Name="Subscription" sap:semantics="subscriptions" sap:content-version="1">
                <Key>
                    <PropertyRef Name="ID"/>
                </Key>
                <Property Name="ID" Type="Edm.String" Nullable="false" MaxLength="32" sap:label="Sub. ID" sap:creatable="false" sap:updatable="false" sap:filterable="false"/>
                <Property Name="user" Type="Edm.String" MaxLength="12" m:FC_TargetPath="SyndicationAuthorName" m:FC_KeepInContent="false" sap:label="User Name" sap:creatable="false" sap:filterable="false"/>
                <Property Name="updated" Type="Edm.DateTime" Precision="0" m:FC_TargetPath="SyndicationUpdated" m:FC_KeepInContent="false" sap:label="Time Stamp" sap:creatable="false" sap:filterable="false"/>
                <Property Name="title" Type="Edm.String" MaxLength="255" m:FC_TargetPath="SyndicationTitle" m:FC_KeepInContent="false" sap:label="Title" sap:filterable="false"/>
                <Property Name="deliveryAddress" Type="Edm.String" sap:label="Delivery Address" sap:filterable="false"/>
                <Property Name="persistNotifications" Type="Edm.Boolean" sap:label="Persist Notification" sap:filterable="false"/>
                <Property Name="collection" Type="Edm.String" MaxLength="40" sap:label="Collection" sap:filterable="false"/>
                <Property Name="filter" Type="Edm.String" sap:label="Filter" sap:filterable="false"/>
                <Property Name="select" Type="Edm.String" MaxLength="255" sap:label="Select" sap:filterable="false"/>
                <Property Name="changeType" Type="Edm.String" MaxLength="30" sap:label="Change Type"/>
            </EntityType>
            <EntityType Name="Notification" sap:semantics="notifications" sap:content-version="1">
                <Key>
                    <PropertyRef Name="ID"/>
                </Key>
                <Property Name="ID" Type="Edm.String" Nullable="false" MaxLength="32" sap:label="Notification ID"/>
                <Property Name="collection" Type="Edm.String" MaxLength="40" sap:label="Collection"/>
                <Property Name="title" Type="Edm.String" m:FC_TargetPath="SyndicationTitle" m:FC_KeepInContent="false" sap:label="Notif. Text"/>
                <Property Name="updated" Type="Edm.DateTime" Precision="0" m:FC_TargetPath="SyndicationUpdated" m:FC_KeepInContent="false" sap:label="Time Stamp"/>
                <Property Name="changeType" Type="Edm.String" MaxLength="30" sap:label="Change Type"/>
                <Property Name="entriesOfInterest" Type="Edm.Int32" sap:label="No. of Entries"/>
                <Property Name="recipient" Type="Edm.String" MaxLength="112" sap:label="Recipient" sap:creatable="false" sap:updatable="false"/>
            </EntityType>
            <EntityType Name="QrBatch" sap:content-version="1">
                <Key>
                    <PropertyRef Name="Charg"/>
                    <PropertyRef Name="Matnr"/>
                    <PropertyRef Name="Werks"/>
                </Key>
                <Property Name="Charg" Type="Edm.String" Nullable="false" MaxLength="8" sap:unicode="false" sap:label="배치 번호" sap:creatable="false" sap:updatable="false" sap:sortable="false"/>
                <Property Name="Matnr" Type="Edm.String" Nullable="false" MaxLength="40" sap:unicode="false" sap:label="자재코드" sap:creatable="false" sap:updatable="false" sap:sortable="false"/>
                <Property Name="Werks" Type="Edm.String" Nullable="false" MaxLength="5" sap:unicode="false" sap:label="플랜트ID" sap:creatable="false" sap:updatable="false" sap:sortable="false"/>
                <Property Name="Maktx" Type="Edm.String" Nullable="false" MaxLength="40" sap:unicode="false" sap:label="자재명" sap:creatable="false" sap:updatable="false" sap:sortable="false"/>
                <Property Name="Pname1" Type="Edm.String" Nullable="false" MaxLength="30" sap:unicode="false" sap:label="플랜트명" sap:creatable="false" sap:updatable="false" sap:sortable="false"/>
                <Property Name="Calqty" Type="Edm.Decimal" Nullable="false" Precision="13" Scale="3" sap:unicode="false" sap:label="수량" sap:creatable="false" sap:updatable="false" sap:sortable="false"/>
                <Property Name="Remqty" Type="Edm.Decimal" Nullable="false" Precision="13" Scale="3" sap:unicode="false" sap:label="잔여수량" sap:creatable="false" sap:updatable="false" sap:sortable="false"/>
                <Property Name="Meins" Type="Edm.String" Nullable="false" MaxLength="3" sap:unicode="false" sap:label="Unit" sap:creatable="false" sap:updatable="false" sap:sortable="false" sap:semantics="unit-of-measure"/>
                <Property Name="Empcode" Type="Edm.String" Nullable="false" MaxLength="5" sap:unicode="false" sap:label="사원 CODE" sap:creatable="false" sap:updatable="false" sap:sortable="false"/>
                <Property Name="Tsdat" Type="Edm.String" Nullable="false" MaxLength="10" sap:unicode="false" sap:label="생산 검수일자" sap:creatable="false" sap:updatable="false" sap:sortable="false"/>
                <Property Name="Erdat" Type="Edm.String" Nullable="false" MaxLength="10" sap:unicode="false" sap:label="레코드 생성일" sap:creatable="false" sap:updatable="false" sap:sortable="false"/>
                <Property Name="Ernam" Type="Edm.String" Nullable="false" MaxLength="12" sap:unicode="false" sap:label="오브젝트 생성자 이름" sap:creatable="false" sap:updatable="false" sap:sortable="false"/>
                <Property Name="Sales" Type="Edm.Int32" Nullable="false" sap:unicode="false" sap:label="INT4" sap:creatable="false" sap:updatable="false" sap:sortable="false"/>
            </EntityType>
            <EntityContainer Name="ZEA_QRBATCH_SRV_Entities" m:IsDefaultEntityContainer="true" sap:supported-formats="atom json xlsx">
                <EntitySet Name="SubscriptionCollection" EntityType="ZEA_QRBATCH_SRV.Subscription" sap:content-version="1"/>
                <EntitySet Name="NotificationCollection" EntityType="ZEA_QRBATCH_SRV.Notification" sap:creatable="false" sap:updatable="false" sap:deletable="false" sap:addressable="false" sap:content-version="1"/>
                <EntitySet Name="QrBatchSet" EntityType="ZEA_QRBATCH_SRV.QrBatch" sap:searchable="true" sap:requires-filter="true" sap:content-version="1"/>
            </EntityContainer>
            <atom:link rel="self" href="http://210.16.199.140:8001/sap/opu/odata/sap/ZEA_QRBATCH_SRV/$metadata" xmlns:atom="http://www.w3.org/2005/Atom"/>
            <atom:link rel="latest-version" href="http://210.16.199.140:8001/sap/opu/odata/sap/ZEA_QRBATCH_SRV/$metadata" xmlns:atom="http://www.w3.org/2005/Atom"/>
        </Schema>
    </edmx:DataServices>
</edmx:Edmx>